{
  "items": [
      {
          "badge_counts": {
              "bronze": 8532,
              "silver": 8116,
              "gold": 708
          },
          "account_id": 11683,
          "is_employee": false,
          "last_modified_date": 1561172462,
          "last_access_date": 1561324982,
          "reputation_change_year": 36394,
          "reputation_change_quarter": 17768,
          "reputation_change_month": 4729,
          "reputation_change_week": 250,
          "reputation_change_day": 40,
          "reputation": 1113740,
          "creation_date": 1222430705,
          "user_type": "registered",
          "user_id": 22656,
          "accept_rate": 86,
          "location": "Reading, United Kingdom",
          "website_url": "http://csharpindepth.com",
          "link": "https://stackoverflow.com/users/22656/jon-skeet",
          "profile_image": "https://www.gravatar.com/avatar/6d8ebb117e8d83d74ea95fbdd0f87e13?s=128&d=identicon&r=PG",
          "display_name": "Jon Skeet"
      },
      {
          "badge_counts": {
              "bronze": 3265,
              "silver": 3223,
              "gold": 309
          },
          "account_id": 52822,
          "is_employee": false,
          "last_modified_date": 1560673222,
          "last_access_date": 1560951900,
          "reputation_change_year": 31227,
          "reputation_change_quarter": 15056,
          "reputation_change_month": 4021,
          "reputation_change_week": 190,
          "reputation_change_day": 20,
          "reputation": 872552,
          "creation_date": 1250527322,
          "user_type": "registered",
          "user_id": 157882,
          "accept_rate": 93,
          "location": "Willemstad, Cura&#231;ao",
          "website_url": "http://balusc.omnifaces.org",
          "link": "https://stackoverflow.com/users/157882/balusc",
          "profile_image": "https://www.gravatar.com/avatar/89927e2f4bde24991649b353a37678b9?s=128&d=identicon&r=PG",
          "display_name": "BalusC"
      },
      {
          "badge_counts": {
              "bronze": 3371,
              "silver": 2815,
              "gold": 315
          },
          "account_id": 4243,
          "is_employee": false,
          "last_modified_date": 1561103408,
          "last_access_date": 1561348846,
          "reputation_change_year": 41219,
          "reputation_change_quarter": 20371,
          "reputation_change_month": 5890,
          "reputation_change_week": 310,
          "reputation_change_day": 65,
          "reputation": 871651,
          "creation_date": 1221344553,
          "user_type": "registered",
          "user_id": 6309,
          "accept_rate": 100,
          "location": "France",
          "website_url": "http://careers.stackoverflow.com/vonc",
          "link": "https://stackoverflow.com/users/6309/vonc",
          "profile_image": "https://www.gravatar.com/avatar/7aa22372b695ed2b26052c340f9097eb?s=128&d=identicon&r=PG",
          "display_name": "VonC"
      },
      {
          "badge_counts": {
              "bronze": 2770,
              "silver": 3050,
              "gold": 230
          },
          "account_id": 14332,
          "is_employee": false,
          "last_modified_date": 1560125100,
          "last_access_date": 1561117235,
          "reputation_change_year": 28373,
          "reputation_change_quarter": 13324,
          "reputation_change_month": 3515,
          "reputation_change_week": 85,
          "reputation_change_day": 0,
          "reputation": 863113,
          "creation_date": 1224432467,
          "user_type": "registered",
          "user_id": 29407,
          "accept_rate": 86,
          "location": "Sofia, Bulgaria",
          "website_url": "http://stackoverflow.com/search?q=user%3a29407&tab=newest",
          "link": "https://stackoverflow.com/users/29407/darin-dimitrov",
          "profile_image": "https://www.gravatar.com/avatar/e3a181e9cdd4757a8b416d93878770c5?s=128&d=identicon&r=PG",
          "display_name": "Darin Dimitrov"
      },
      {
          "badge_counts": {
              "bronze": 443,
              "silver": 335,
              "gold": 38
          },
          "account_id": 1165580,
          "is_employee": false,
          "last_modified_date": 1561206606,
          "last_access_date": 1561348475,
          "reputation_change_year": 66943,
          "reputation_change_quarter": 32825,
          "reputation_change_month": 8923,
          "reputation_change_week": 270,
          "reputation_change_day": 10,
          "reputation": 825026,
          "creation_date": 1326311637,
          "user_type": "registered",
          "user_id": 1144035,
          "location": "New York, United States",
          "website_url": "http://www.data-miners.com",
          "link": "https://stackoverflow.com/users/1144035/gordon-linoff",
          "profile_image": "https://www.gravatar.com/avatar/e514b017977ebf742a418cac697d8996?s=128&d=identicon&r=PG",
          "display_name": "Gordon Linoff"
      },
      {
          "badge_counts": {
              "bronze": 2587,
              "silver": 2194,
              "gold": 205
          },
          "account_id": 11975,
          "is_employee": true,
          "last_modified_date": 1561074614,
          "last_access_date": 1561307563,
          "reputation_change_year": 30107,
          "reputation_change_quarter": 14336,
          "reputation_change_month": 3829,
          "reputation_change_week": 90,
          "reputation_change_day": 20,
          "reputation": 807064,
          "creation_date": 1222667162,
          "user_type": "moderator",
          "user_id": 23354,
          "accept_rate": 100,
          "location": "Forest of Dean, United Kingdom",
          "website_url": "http://blog.marcgravell.com",
          "link": "https://stackoverflow.com/users/23354/marc-gravell",
          "profile_image": "https://i.stack.imgur.com/3vbu5.jpg?s=128&g=1",
          "display_name": "Marc Gravell"
      },
      {
          "badge_counts": {
              "bronze": 2148,
              "silver": 1367,
              "gold": 112
          },
          "account_id": 9266,
          "is_employee": false,
          "last_modified_date": 1561316405,
          "last_access_date": 1561326636,
          "reputation_change_year": 21053,
          "reputation_change_quarter": 9355,
          "reputation_change_month": 2176,
          "reputation_change_week": 38,
          "reputation_change_day": 10,
          "reputation": 805098,
          "creation_date": 1221698729,
          "user_type": "registered",
          "user_id": 17034,
          "location": "Madison, WI",
          "website_url": "",
          "link": "https://stackoverflow.com/users/17034/hans-passant",
          "profile_image": "https://i.stack.imgur.com/Cii6b.png?s=128&g=1",
          "display_name": "Hans Passant"
      },
      {
          "badge_counts": {
              "bronze": 1974,
              "silver": 1931,
              "gold": 143
          },
          "account_id": 39846,
          "is_employee": false,
          "last_modified_date": 1561032304,
          "last_access_date": 1561335807,
          "reputation_change_year": 31702,
          "reputation_change_quarter": 15754,
          "reputation_change_month": 4020,
          "reputation_change_week": 105,
          "reputation_change_day": 0,
          "reputation": 795576,
          "creation_date": 1243786808,
          "user_type": "registered",
          "user_id": 115145,
          "accept_rate": 84,
          "location": "Pennsylvania, United States",
          "website_url": "https://commonsware.com",
          "link": "https://stackoverflow.com/users/115145/commonsware",
          "profile_image": "https://i.stack.imgur.com/wDnd8.png?s=128&g=1",
          "display_name": "CommonsWare"
      },
      {
          "badge_counts": {
              "bronze": 2401,
              "silver": 2662,
              "gold": 156
          },
          "account_id": 35417,
          "is_employee": false,
          "last_modified_date": 1561332020,
          "last_access_date": 1561339638,
          "reputation_change_year": 41829,
          "reputation_change_quarter": 18416,
          "reputation_change_month": 4800,
          "reputation_change_week": 307,
          "reputation_change_day": 30,
          "reputation": 741937,
          "creation_date": 1241362437,
          "user_type": "moderator",
          "user_id": 100297,
          "location": "Cambridge, UK",
          "website_url": "http://www.zopatista.com/",
          "link": "https://stackoverflow.com/users/100297/martijn-pieters",
          "profile_image": "https://www.gravatar.com/avatar/24780fb6df85a943c7aea0402c843737?s=128&d=identicon&r=PG",
          "display_name": "Martijn Pieters"
      },
      {
          "badge_counts": {
              "bronze": 1373,
              "silver": 1296,
              "gold": 131
          },
          "account_id": 52616,
          "is_employee": false,
          "last_modified_date": 1561315517,
          "last_access_date": 1561312452,
          "reputation_change_year": 39899,
          "reputation_change_quarter": 20105,
          "reputation_change_month": 5813,
          "reputation_change_week": 265,
          "reputation_change_day": 40,
          "reputation": 717186,
          "creation_date": 1250420422,
          "user_type": "registered",
          "user_id": 157247,
          "accept_rate": 91,
          "location": "United Kingdom",
          "website_url": "http://www.farsightsoftware.com",
          "link": "https://stackoverflow.com/users/157247/t-j-crowder",
          "profile_image": "https://www.gravatar.com/avatar/ca3e484c121268e4c8302616b2395eb9?s=128&d=identicon&r=PG",
          "display_name": "T.J. Crowder"
      },
      {
          "badge_counts": {
              "bronze": 1791,
              "silver": 1675,
              "gold": 142
          },
          "account_id": 15988,
          "is_employee": false,
          "last_modified_date": 1560547206,
          "last_access_date": 1561132437,
          "reputation_change_year": 26987,
          "reputation_change_quarter": 13032,
          "reputation_change_month": 3281,
          "reputation_change_week": 50,
          "reputation_change_day": 0,
          "reputation": 704637,
          "creation_date": 1225829805,
          "user_type": "registered",
          "user_id": 34397,
          "accept_rate": 87,
          "location": "New Jersey",
          "website_url": "https://SLaks.net",
          "link": "https://stackoverflow.com/users/34397/slaks",
          "profile_image": "https://www.gravatar.com/avatar/7deca8ec973c3c0875e9a36e1e3e2c44?s=128&d=identicon&r=PG",
          "display_name": "SLaks"
      },
      {
          "badge_counts": {
              "bronze": 1181,
              "silver": 1032,
              "gold": 151
          },
          "account_id": 680,
          "is_employee": false,
          "last_modified_date": 1560809443,
          "last_access_date": 1561337336,
          "reputation_change_year": 31593,
          "reputation_change_quarter": 15018,
          "reputation_change_month": 3910,
          "reputation_change_week": 120,
          "reputation_change_day": 10,
          "reputation": 695064,
          "creation_date": 1218356820,
          "user_type": "registered",
          "user_id": 893,
          "accept_rate": 84,
          "location": "Christchurch, New Zealand",
          "website_url": "http://hewgill.com",
          "link": "https://stackoverflow.com/users/893/greg-hewgill",
          "profile_image": "https://www.gravatar.com/avatar/747ffa5da3538e66840ebc0548b8fd58?s=128&d=identicon&r=PG",
          "display_name": "Greg Hewgill"
      },
      {
          "badge_counts": {
              "bronze": 1074,
              "silver": 915,
              "gold": 76
          },
          "account_id": 10162,
          "is_employee": false,
          "last_modified_date": 1561319120,
          "last_access_date": 1561326515,
          "reputation_change_year": 32470,
          "reputation_change_quarter": 14798,
          "reputation_change_month": 3796,
          "reputation_change_week": 157,
          "reputation_change_day": 0,
          "reputation": 671308,
          "creation_date": 1221842906,
          "user_type": "registered",
          "user_id": 19068,
          "location": "United Kingdom",
          "website_url": "",
          "link": "https://stackoverflow.com/users/19068/quentin",
          "profile_image": "https://www.gravatar.com/avatar/1d2d3229ed1961d2bd81853242493247?s=128&d=identicon&r=PG",
          "display_name": "Quentin"
      },
      {
          "badge_counts": {
              "bronze": 1706,
              "silver": 1300,
              "gold": 182
          },
          "account_id": 8291,
          "is_employee": false,
          "last_modified_date": 1561308901,
          "last_access_date": 1561328584,
          "reputation_change_year": 27401,
          "reputation_change_quarter": 12646,
          "reputation_change_month": 3348,
          "reputation_change_week": 80,
          "reputation_change_day": 0,
          "reputation": 655049,
          "creation_date": 1221622605,
          "user_type": "registered",
          "user_id": 14860,
          "accept_rate": 100,
          "website_url": "",
          "link": "https://stackoverflow.com/users/14860/paxdiablo",
          "profile_image": "https://i.stack.imgur.com/vXG1F.png?s=128&g=1",
          "display_name": "paxdiablo"
      },
      {
          "badge_counts": {
              "bronze": 1288,
              "silver": 1057,
              "gold": 132
          },
          "account_id": 34048,
          "is_employee": false,
          "last_modified_date": 1561323908,
          "last_access_date": 1559237409,
          "reputation_change_year": 29562,
          "reputation_change_quarter": 13826,
          "reputation_change_month": 3503,
          "reputation_change_week": 20,
          "reputation_change_day": 0,
          "reputation": 647708,
          "creation_date": 1240625354,
          "user_type": "registered",
          "user_id": 95810,
          "accept_rate": 80,
          "location": "Sunnyvale, CA",
          "website_url": "http://www.aleax.it",
          "link": "https://stackoverflow.com/users/95810/alex-martelli",
          "profile_image": "https://www.gravatar.com/avatar/e8d5fe90f1fe2148bf130cccd4dc311c?s=128&d=identicon&r=PG",
          "display_name": "Alex Martelli"
      },
      {
          "badge_counts": {
              "bronze": 1238,
              "silver": 835,
              "gold": 62
          },
          "account_id": 134022,
          "is_employee": false,
          "last_modified_date": 1561226703,
          "last_access_date": 1561322719,
          "reputation_change_year": 14965,
          "reputation_change_quarter": 6432,
          "reputation_change_month": 1521,
          "reputation_change_week": 60,
          "reputation_change_day": 10,
          "reputation": 624683,
          "creation_date": 1273269250,
          "user_type": "registered",
          "user_id": 335858,
          "accept_rate": 81,
          "location": "United States",
          "website_url": "http://stackoverflow.com/users/335858/dasblinkenlight",
          "link": "https://stackoverflow.com/users/335858/dasblinkenlight",
          "profile_image": "https://www.gravatar.com/avatar/4af3541c00d591e9a518b9c0b3b1190a?s=128&d=identicon&r=PG",
          "display_name": "dasblinkenlight"
      },
      {
          "badge_counts": {
              "bronze": 819,
              "silver": 855,
              "gold": 164
          },
          "account_id": 3748,
          "is_employee": false,
          "last_modified_date": 1561104315,
          "last_access_date": 1561348559,
          "reputation_change_year": 28432,
          "reputation_change_quarter": 13538,
          "reputation_change_month": 3688,
          "reputation_change_week": 130,
          "reputation_change_day": 10,
          "reputation": 615352,
          "creation_date": 1220976258,
          "user_type": "registered",
          "user_id": 5445,
          "location": "Guatemala",
          "website_url": "http://codingspot.com",
          "link": "https://stackoverflow.com/users/5445/cms",
          "profile_image": "https://www.gravatar.com/avatar/932fb89b9d4049cec5cba357bf0ae388?s=128&d=identicon&r=PG",
          "display_name": "CMS"
      },
      {
          "badge_counts": {
              "bronze": 1354,
              "silver": 1387,
              "gold": 136
          },
          "account_id": 24377,
          "is_employee": false,
          "last_modified_date": 1560905411,
          "last_access_date": 1549277868,
          "reputation_change_year": 27934,
          "reputation_change_quarter": 13106,
          "reputation_change_month": 3150,
          "reputation_change_week": 120,
          "reputation_change_day": 20,
          "reputation": 610968,
          "creation_date": 1233672960,
          "user_type": "registered",
          "user_id": 61974,
          "location": "Denmark",
          "website_url": "http://careers.stackoverflow.com/markbyers/",
          "link": "https://stackoverflow.com/users/61974/mark-byers",
          "profile_image": "https://www.gravatar.com/avatar/ad240ed5cc406759f0fd72591dc8ca47?s=128&d=identicon&r=PG",
          "display_name": "Mark Byers"
      },
      {
          "badge_counts": {
              "bronze": 1191,
              "silver": 1100,
              "gold": 109
          },
          "account_id": 10930,
          "is_employee": false,
          "last_modified_date": 1561227610,
          "last_access_date": 1546328601,
          "reputation_change_year": 26179,
          "reputation_change_quarter": 11817,
          "reputation_change_month": 3088,
          "reputation_change_week": 110,
          "reputation_change_day": 20,
          "reputation": 602315,
          "creation_date": 1222135580,
          "user_type": "registered",
          "user_id": 20862,
          "accept_rate": 50,
          "website_url": "",
          "link": "https://stackoverflow.com/users/20862/ignacio-vazquez-abrams",
          "profile_image": "https://www.gravatar.com/avatar/2343ae368d3241278581ce6c87f62a25?s=128&d=identicon&r=PG",
          "display_name": "Ignacio Vazquez-Abrams"
      },
      {
          "badge_counts": {
              "bronze": 1280,
              "silver": 1138,
              "gold": 133
          },
          "account_id": 7633,
          "is_employee": false,
          "last_modified_date": 1561298711,
          "last_access_date": 1561349621,
          "reputation_change_year": 23520,
          "reputation_change_quarter": 10647,
          "reputation_change_month": 2470,
          "reputation_change_week": 87,
          "reputation_change_day": 0,
          "reputation": 593944,
          "creation_date": 1221588555,
          "user_type": "registered",
          "user_id": 13302,
          "accept_rate": 99,
          "location": "Bern, Switzerland",
          "website_url": "",
          "link": "https://stackoverflow.com/users/13302/marc-s",
          "profile_image": "https://www.gravatar.com/avatar/b4779212f57ff2e9549ea90a4499c2d7?s=128&d=identicon&r=PG",
          "display_name": "marc_s"
      },
      {
          "badge_counts": {
              "bronze": 1361,
              "silver": 1095,
              "gold": 124
          },
          "account_id": 11948,
          "is_employee": false,
          "last_modified_date": 1560283817,
          "last_access_date": 1561123070,
          "reputation_change_year": 23739,
          "reputation_change_quarter": 11068,
          "reputation_change_month": 3033,
          "reputation_change_week": 80,
          "reputation_change_day": 20,
          "reputation": 591888,
          "creation_date": 1222642783,
          "user_type": "registered",
          "user_id": 23283,
          "accept_rate": 100,
          "location": "Redmond, WA",
          "website_url": "http://blog.paranoidcoding.com/",
          "link": "https://stackoverflow.com/users/23283/jaredpar",
          "profile_image": "https://www.gravatar.com/avatar/529ba429a58902bef56c2fcb672d5ccb?s=128&d=identicon&r=PG",
          "display_name": "JaredPar"
      },
      {
          "badge_counts": {
              "bronze": 1054,
              "silver": 704,
              "gold": 96
          },
          "account_id": 8423,
          "is_employee": false,
          "last_modified_date": 1561104315,
          "last_access_date": 1561324552,
          "reputation_change_year": 23585,
          "reputation_change_quarter": 10452,
          "reputation_change_month": 2514,
          "reputation_change_week": 50,
          "reputation_change_day": 0,
          "reputation": 583588,
          "creation_date": 1221633947,
          "user_type": "registered",
          "user_id": 15168,
          "accept_rate": 100,
          "location": "California, USA",
          "website_url": "https://stackoverflow.com/users/15168",
          "link": "https://stackoverflow.com/users/15168/jonathan-leffler",
          "profile_image": "https://i.stack.imgur.com/WtEI9.png?s=128&g=1",
          "display_name": "Jonathan Leffler"
      },
      {
          "badge_counts": {
              "bronze": 1289,
              "silver": 1250,
              "gold": 109
          },
          "account_id": 64585,
          "is_employee": false,
          "last_modified_date": 1560449103,
          "last_access_date": 1560987171,
          "reputation_change_year": 34029,
          "reputation_change_quarter": 15786,
          "reputation_change_month": 4328,
          "reputation_change_week": 215,
          "reputation_change_day": 30,
          "reputation": 576277,
          "creation_date": 1255610900,
          "user_type": "registered",
          "user_id": 190597,
          "accept_rate": 88,
          "website_url": "",
          "link": "https://stackoverflow.com/users/190597/unutbu",
          "profile_image": "https://www.gravatar.com/avatar/aabc98d5c6482ca0e1405ec97710f30a?s=128&d=identicon&r=PG&f=1",
          "display_name": "unutbu"
      },
      {
          "badge_counts": {
              "bronze": 954,
              "silver": 889,
              "gold": 134
          },
          "account_id": 76141,
          "is_employee": false,
          "last_modified_date": 1561183517,
          "last_access_date": 1561345208,
          "reputation_change_year": 31714,
          "reputation_change_quarter": 14407,
          "reputation_change_month": 3920,
          "reputation_change_week": 255,
          "reputation_change_day": 75,
          "reputation": 576268,
          "creation_date": 1259104089,
          "user_type": "registered",
          "user_id": 218196,
          "accept_rate": 100,
          "website_url": "http://felix-kling.de",
          "link": "https://stackoverflow.com/users/218196/felix-kling",
          "profile_image": "https://i.stack.imgur.com/4P5DY.jpg?s=128&g=1",
          "display_name": "Felix Kling"
      },
      {
          "badge_counts": {
              "bronze": 889,
              "silver": 596,
              "gold": 81
          },
          "account_id": 26521,
          "is_employee": false,
          "last_modified_date": 1561115120,
          "last_access_date": 1560373703,
          "reputation_change_year": 19876,
          "reputation_change_quarter": 9080,
          "reputation_change_month": 2150,
          "reputation_change_week": 60,
          "reputation_change_day": 10,
          "reputation": 571958,
          "creation_date": 1235161492,
          "user_type": "registered",
          "user_id": 69083,
          "location": "Virsbo, Sweden",
          "website_url": "http://www.guffa.com",
          "link": "https://stackoverflow.com/users/69083/guffa",
          "profile_image": "https://www.gravatar.com/avatar/1db0cdfd3fe268e270ec481a73046c2f?s=128&d=identicon&r=PG",
          "display_name": "Guffa"
      },
      {
          "badge_counts": {
              "bronze": 1037,
              "silver": 923,
              "gold": 63
          },
          "account_id": 277416,
          "is_employee": false,
          "last_modified_date": 1561224002,
          "last_access_date": 1561326591,
          "reputation_change_year": 23440,
          "reputation_change_quarter": 10920,
          "reputation_change_month": 2819,
          "reputation_change_week": 149,
          "reputation_change_day": 10,
          "reputation": 557881,
          "creation_date": 1294757277,
          "user_type": "registered",
          "user_id": 571407,
          "accept_rate": 100,
          "location": "Saint-Etienne, France",
          "website_url": "",
          "link": "https://stackoverflow.com/users/571407/jb-nizet",
          "profile_image": "https://www.gravatar.com/avatar/2f0d9dec16bae1e06552af55ddefc11f?s=128&d=identicon&r=PG",
          "display_name": "JB Nizet"
      },
      {
          "badge_counts": {
              "bronze": 1961,
              "silver": 1090,
              "gold": 151
          },
          "account_id": 32093,
          "is_employee": false,
          "last_modified_date": 1561288509,
          "last_access_date": 1561297348,
          "reputation_change_year": 20668,
          "reputation_change_quarter": 8491,
          "reputation_change_month": 1941,
          "reputation_change_week": 31,
          "reputation_change_day": 0,
          "reputation": 555323,
          "creation_date": 1239204526,
          "user_type": "registered",
          "user_id": 88656,
          "location": "Seattle, WA",
          "website_url": "http://ericlippert.com",
          "link": "https://stackoverflow.com/users/88656/eric-lippert",
          "profile_image": "https://www.gravatar.com/avatar/6fbdff3ffb6f111d172759b4f05bea0e?s=128&d=identicon&r=PG",
          "display_name": "Eric Lippert"
      },
      {
          "badge_counts": {
              "bronze": 1113,
              "silver": 1214,
              "gold": 116
          },
          "account_id": 7598,
          "is_employee": true,
          "last_modified_date": 1560547206,
          "last_access_date": 1561245003,
          "reputation_change_year": 15966,
          "reputation_change_quarter": 7319,
          "reputation_change_month": 1691,
          "reputation_change_week": 60,
          "reputation_change_day": 10,
          "reputation": 544937,
          "creation_date": 1221587590,
          "user_type": "moderator",
          "user_id": 13249,
          "accept_rate": 100,
          "location": "Winston-Salem, NC",
          "website_url": "https://nickcraver.com/blog/",
          "link": "https://stackoverflow.com/users/13249/nick-craver",
          "profile_image": "https://i.stack.imgur.com/nGCYr.jpg?s=128&g=1",
          "display_name": "Nick Craver"
      },
      {
          "badge_counts": {
              "bronze": 421,
              "silver": 345,
              "gold": 48
          },
          "account_id": 262968,
          "is_employee": false,
          "last_modified_date": 1561104315,
          "last_access_date": 1561334559,
          "reputation_change_year": 24193,
          "reputation_change_quarter": 10488,
          "reputation_change_month": 2548,
          "reputation_change_week": 140,
          "reputation_change_day": 20,
          "reputation": 544209,
          "creation_date": 1292821840,
          "user_type": "registered",
          "user_id": 548225,
          "accept_rate": 90,
          "location": "Bangalore, India",
          "website_url": "http://anubhava.wordpress.com",
          "link": "https://stackoverflow.com/users/548225/anubhava",
          "profile_image": "https://www.gravatar.com/avatar/dab08478b226280d4a30894c9a7ed719?s=128&d=identicon&r=PG",
          "display_name": "anubhava"
      },
      {
          "badge_counts": {
              "bronze": 1221,
              "silver": 1188,
              "gold": 133
          },
          "account_id": 37175,
          "is_employee": false,
          "last_modified_date": 1561192200,
          "last_access_date": 1554352136,
          "reputation_change_year": 24690,
          "reputation_change_quarter": 10952,
          "reputation_change_month": 2885,
          "reputation_change_week": 100,
          "reputation_change_day": 0,
          "reputation": 539406,
          "creation_date": 1242214829,
          "user_type": "moderator",
          "user_id": 106224,
          "accept_rate": 96,
          "location": "Singapore",
          "website_url": "https://NOVALISTIC.com",
          "link": "https://stackoverflow.com/users/106224/boltclock",
          "profile_image": "https://www.gravatar.com/avatar/a2d818d801ce38a33807f68fdd92043a?s=128&d=identicon&r=PG",
          "display_name": "BoltClock"
      }
  ]
}